test,multithread_default_s
rng,13.139419610003824
square1,7.271435219998239
square2,4.853643429992371
square3,4.809787630004576
exp,8.7607962100039
cube1,31.449641260001226
cube2,13.68271690000547
cube3,11.178975860000355
cube4,11.049539239995648
Q1,31.498746979999122
Q2,9.643267950005248
Q3,20.221118779992686
Q4,17.796381360001398
atoa,31.5588294199988
expcube1,41.65540263000294
expcube2,21.091681959998095
expcube3,21.11392541999812
expcube4,20.839606020000065
