test,singlethread_s
rng,11.205026259997975
square1,5.399262290002662
square2,6.0933061900053875
square3,5.814448840002297
exp,10.844619129999774
cube1,38.47010706999863
cube2,12.381421680003404
cube3,11.792126959998859
cube4,40.199458319999394
Q1,36.263990700000434
Q2,14.289872969998395
Q3,20.91743043999595
Q4,22.21013347999833
atoa,37.52436221000098
expcube1,48.52341997999756
expcube2,24.239900910001598
expcube3,23.68403102999728
expcube4,23.200627610002993
